kind,k,seed,total_structure_proxy,target_alignment,tre_proxy,transfer_accuracy
random,4,100040,0.4910840334801341,0.20696649595952946,0.10163794163105559,0.51525
irrelevant_high,4,100041,22.032672179652828,6.0091396339049726e-05,0.0013239740363558726,0.5055
relevant_mid,4,100042,7.095102761753338,0.9976295571445679,7.078284226103184,0.668
mixed_budget_limited,4,100043,20.605552788401862,0.0017011298171321872,0.03505272024684169,0.50825
relevant_high,4,100044,24.335965121189908,0.9992767631086394,24.3183644534274,0.67
random,12,100120,0.9096557399746386,0.383219041022078,0.3485974003333097,0.49975
irrelevant_high,12,100121,41.66865280116734,0.23680697143734275,9.867427473718587,0.518
relevant_mid,12,100122,6.931522498784545,0.997486768413847,6.9141019775004695,0.652
mixed_budget_limited,12,100123,40.3188477303387,0.9979503821131248,40.2362094988524,0.62475
relevant_high,12,100124,23.898781463887133,0.9996481310606313,23.89037222500123,0.65025
random,4,100140,0.47344494080469857,0.1138097643694388,0.053882657154885646,0.5365
irrelevant_high,4,100141,22.47481900294265,0.0001705450927663408,0.003832970091763573,0.50275
relevant_mid,4,100142,7.0209390462143215,0.9975209786788508,7.003533988624268,0.762
mixed_budget_limited,4,100143,21.38287490936167,0.0008359901622315152,0.01787587306445346,0.51125
relevant_high,4,100144,24.923492461478595,0.9992265449867347,24.904215261286186,0.76425
random,12,100220,0.9410108581688021,0.3364140915188896,0.31656931296026825,0.531
irrelevant_high,12,100221,41.81513749104089,0.1889257276363059,7.899955276707076,0.46275
relevant_mid,12,100222,6.827933049765084,0.9971149758720894,6.808234298172754,0.60575
mixed_budget_limited,12,100223,39.84712335073538,0.9971400755157264,39.73316358703674,0.6775
relevant_high,12,100224,24.481189186882943,0.9995850899802695,24.471031696194387,0.643
random,4,100240,0.48330602685206814,0.16049418151603007,0.07756780520138712,0.52625
irrelevant_high,4,100241,22.27923205926174,0.000249884477300335,0.005567234257781487,0.499
relevant_mid,4,100242,7.018120742824467,0.9972401671541548,6.998751902682312,0.81775
mixed_budget_limited,4,100243,21.21725603106963,0.00017717886731898885,0.003759249391201902,0.4905
relevant_high,4,100244,24.96386008450746,0.9994301967440156,24.949635595749367,0.82125
random,12,100320,0.9881736715976339,0.3226771930670324,0.318861106613868,0.54175
irrelevant_high,12,100321,42.31587966458601,0.1916442982407928,8.10959706276142,0.568
relevant_mid,12,100322,6.985597537764615,0.9973541830121739,6.967114925129081,0.75125
mixed_budget_limited,12,100323,40.32763749295613,0.9982983954195758,40.25901580028042,0.743
relevant_high,12,100324,24.333384261897468,0.9996196338635387,24.32412866653874,0.74325
random,4,100340,0.49173589125419226,0.07514660624024928,0.03695228339427683,0.47
irrelevant_high,4,100341,22.340066210330683,5.543860910880219e-05,0.0012385021980992825,0.4925
relevant_mid,4,100342,7.069375164633156,0.995580966398202,7.038135358236926,0.79525
mixed_budget_limited,4,100343,21.37123535500757,0.0005354908665563713,0.011444101339633162,0.493
relevant_high,4,100344,24.695593332556115,0.9991023189676306,24.67342456683837,0.795
random,12,100420,0.9815556740226448,0.30605026850717837,0.30040537758937486,0.508
irrelevant_high,12,100421,42.259724316633324,0.2335947854586084,9.871651235283897,0.51875
relevant_mid,12,100422,6.957155271085224,0.9977520510856079,6.9415159414463306,0.6245
mixed_budget_limited,12,100423,40.64735003133384,0.9978949147643688,40.56178389491535,0.693
relevant_high,12,100424,24.465932979765967,0.9996151651644974,24.45651763647228,0.73075
random,4,100440,0.469962892212042,0.23224760234082661,0.1091477549054071,0.6205
irrelevant_high,4,100441,21.634350002064124,0.0001807365261840893,0.003910117265623815,0.4875
relevant_mid,4,100442,6.900982559892391,0.9966974290685502,6.878191575491648,0.82275
mixed_budget_limited,4,100443,21.097479903952873,0.0001839388814292937,0.0038806468545100944,0.49825
relevant_high,4,100444,24.594779207699258,0.9993383344326233,24.57850568916029,0.824
random,12,100520,0.9880697294177974,0.3454923826128343,0.34137056500417334,0.60325
irrelevant_high,12,100521,41.635438027544915,0.09709522220009809,4.042602106682887,0.507
relevant_mid,12,100522,6.927313129418355,0.9989121113521923,6.919776984105051,0.665
mixed_budget_limited,12,100523,39.5563799557253,0.9985844898552803,39.50038749860958,0.74
relevant_high,12,100524,24.121962541666463,0.9990433438368306,24.098886117533237,0.77025
random,4,100540,0.4722220988558379,0.30112790809836143,0.1421992527862761,0.61425
irrelevant_high,4,100541,22.007519660440263,2.143322564817766e-05,0.00047169213483892237,0.49675
relevant_mid,4,100542,7.140463659988842,0.9969938162689975,7.118998114302369,0.8155
mixed_budget_limited,4,100543,20.94309823259682,0.0006031131229807812,0.012631057379954748,0.50375
relevant_high,4,100544,24.535290728275626,0.999390141228682,24.52032766601815,0.82725
random,12,100620,0.9179492059709176,0.20831792739523775,0.19122527604196574,0.57
irrelevant_high,12,100621,41.84396114555811,0.028828058285710778,1.2062801508091663,0.511
relevant_mid,12,100622,6.918451057748328,0.9976775097071365,6.902383022325057,0.6835
mixed_budget_limited,12,100623,39.986963441376275,0.9989606445813511,39.945402774248166,0.761
relevant_high,12,100624,24.192388706153963,0.999620536581599,24.18320857963624,0.73125
random,4,100640,0.4888456806183463,0.09588849658175094,0.04687467737497601,0.52225
irrelevant_high,4,100641,22.0239497233295,0.0002759221068131503,0.006076894608007974,0.49825
relevant_mid,4,100642,7.008574257688484,0.9946550263594779,6.971113613023498,0.767
mixed_budget_limited,4,100643,20.825113827582282,0.0008200763034509149,0.01707818236666821,0.49375
relevant_high,4,100644,24.447310465027016,0.9994074081430538,24.432823187921205,0.776
random,12,100720,0.9736047581306286,0.6223010958284358,0.6058753078884694,0.55275
irrelevant_high,12,100721,41.58287780923513,0.06626990279179595,2.755693270221141,0.488
relevant_mid,12,100722,7.103598384151121,0.9968987183715844,7.081568124986711,0.70925
mixed_budget_limited,12,100723,40.31587617796052,0.998094127705143,40.23903926651006,0.70325
relevant_high,12,100724,24.1602596811941,0.9995110409144508,24.14844630271375,0.64725
random,4,100740,0.48247120421598066,0.0456244070540574,0.02201246261301116,0.527
irrelevant_high,4,100741,21.96760159074822,0.00016339968731187633,0.003589499230920136,0.50725
relevant_mid,4,100742,6.938311519751456,0.9967619215731208,6.915844722900381,0.815
mixed_budget_limited,4,100743,21.304388555825355,0.00014724847133257762,0.0031370386475205445,0.508
relevant_high,4,100744,24.458577340591688,0.9993836405094727,24.44350206432302,0.81875
random,12,100820,0.9595172567580375,0.40727211842921085,0.39078462582923096,0.621
irrelevant_high,12,100821,41.37695282786969,0.14941736184352936,6.18243513266445,0.50675
relevant_mid,12,100822,7.2084545487556735,0.9968981410732669,7.186094939665666,0.7345
mixed_budget_limited,12,100823,40.22424498393991,0.9969600816299217,40.1019665626907,0.6995
relevant_high,12,100824,24.60715766686141,0.9997358063132549,24.600656611157085,0.7215
random,4,100840,0.4476620853270046,0.16997846774137973,0.07609291532979502,0.56125
irrelevant_high,4,100841,22.234030687284978,0.00011815687569801265,0.00262710360018333,0.4905
relevant_mid,4,100842,7.019045960606798,0.9980979885376646,7.005695654735065,0.773
mixed_budget_limited,4,100843,21.36667191022625,0.0005304694105373842,0.011334365853363403,0.504
relevant_high,4,100844,24.578426966996552,0.9990182620844519,24.554297393338523,0.78325
random,12,100920,0.984812392138803,0.4243427291637836,0.417897978194494,0.5425
irrelevant_high,12,100921,41.937382263187985,0.038213051388692736,1.6025553435304538,0.4915
relevant_mid,12,100922,6.947358827523443,0.9983385177862167,6.935815914398742,0.7585
mixed_budget_limited,12,100923,40.35035235773608,0.9981380704676265,40.27522284503953,0.74725
relevant_high,12,100924,24.67085616519342,0.9996694334381412,24.66270080509278,0.699
random,4,100940,0.4595419612533729,0.11717879446084739,0.053848573023843674,0.5435
irrelevant_high,4,100941,22.194288939896303,3.023049506619404e-05,0.0006709443422952202,0.51475
relevant_mid,4,100942,6.904340562045179,0.9978498813340582,6.889495410526706,0.7865
mixed_budget_limited,4,100943,20.959781728597825,0.0009546343296581571,0.020008927180261274,0.53025
relevant_high,4,100944,24.031020973460585,0.9994413842178224,24.017596865882968,0.78575
random,12,101020,0.973915996681747,0.3791327652184897,0.3692434649124722,0.6335
irrelevant_high,12,101021,42.52085019558386,0.11915528217567573,5.066583903404432,0.54875
relevant_mid,12,101022,6.8640260806851945,0.9984533342207509,6.853409726438326,0.7165
mixed_budget_limited,12,101023,39.90639067934963,0.9978008601916939,39.818630947000855,0.6905
relevant_high,12,101024,24.350022864555484,0.9995920193806598,24.340088527146253,0.76425
random,4,101040,0.47555888842618876,0.13399019476541557,0.06372022808264957,0.5165
irrelevant_high,4,101041,21.993066130260605,6.262969299340168e-05,0.0013774189797218022,0.49925
relevant_mid,4,101042,7.033591691669167,0.9963593688739344,7.007984978828439,0.73875
mixed_budget_limited,4,101043,20.776183202930802,0.00031921031117695877,0.0066319719052770456,0.506
relevant_high,4,101044,24.010012596031054,0.9994316992846856,23.99636768869802,0.7455
random,12,101120,0.9242024467387342,0.5905897795507751,0.545824519279716,0.624
irrelevant_high,12,101121,41.914155911738405,0.021941453565511214,0.9196575056750056,0.52575
relevant_mid,12,101122,6.941580363144828,0.9980311810896656,6.927913648458262,0.6025
mixed_budget_limited,12,101123,39.921749395277814,0.9974876817469451,39.82145325557818,0.63175
relevant_high,12,101124,24.600392906651706,0.999028127190001,24.57648445367044,0.63975
random,4,101140,0.4900141812683374,0.34601812528897385,0.16955378836748153,0.60075
irrelevant_high,4,101141,22.16528458099954,6.169409672996514e-05,0.0013674672109873904,0.50275
relevant_mid,4,101142,7.041384239012407,0.9941018868829237,6.999853358269913,0.774
mixed_budget_limited,4,101143,21.027817546688933,0.0008641357183661789,0.018170888221380983,0.491
relevant_high,4,101144,24.642859826620757,0.9992735517415366,24.624958064016152,0.78875
random,12,101220,0.9548481917600153,0.3623561568414555,0.3459951211331723,0.60125
irrelevant_high,12,101221,41.71242363075463,0.17577416971180057,7.331966630362785,0.48375
relevant_mid,12,101222,7.041851644686359,0.9974465177385957,7.023870401424212,0.68125
mixed_budget_limited,12,101223,40.14009936849312,0.9963029849693446,39.991700817795795,0.70725
relevant_high,12,101224,24.457531854042763,0.999556289436693,24.446679788806705,0.68875
random,4,101240,0.5095265146897672,0.07097772916517398,0.036165034962125336,0.5655
irrelevant_high,4,101241,21.84033374959791,0.00017307751080635706,0.003780070600560477,0.491
relevant_mid,4,101242,6.903773822972878,0.994837095560673,6.868130298454141,0.86225
mixed_budget_limited,4,101243,21.20968697831509,0.000321048785489315,0.0068093442449965996,0.491
relevant_high,4,101244,24.601094965590654,0.9992025967242661,24.581477971878453,0.86825
random,12,101320,0.9373705244256025,0.2902624000986117,0.2720834182014697,0.593
irrelevant_high,12,101321,42.094989181192624,0.1285951567081037,5.413211730381396,0.5195
relevant_mid,12,101322,7.098523948847233,0.998053358734878,7.08470566920695,0.845
mixed_budget_limited,12,101323,39.39120092743595,0.9941312993232495,39.16002575989509,0.74775
relevant_high,12,101324,24.677240514032235,0.9990995479937164,24.65501984330183,0.7925
random,4,101340,0.5439807209456213,0.06006379512501758,0.03267354657483716,0.53375
irrelevant_high,4,101341,21.837516892826027,0.00030160188235552364,0.006586236200846875,0.50025
relevant_mid,4,101342,6.990058953877618,0.9974030992454099,6.971906464505664,0.831
mixed_budget_limited,4,101343,21.07119007410856,0.0003527344010165012,0.0074325336094955285,0.5
relevant_high,4,101344,24.12939483790375,0.9993593765692749,24.11393698220137,0.8275
random,12,101420,0.9023665861377823,0.2772922883346447,0.25021929558686695,0.6005
irrelevant_high,12,101421,42.10541089220473,0.13546389693117145,5.703763041346245,0.52725
relevant_mid,12,101422,6.936752856026452,0.997504266926445,6.91944057250059,0.759
mixed_budget_limited,12,101423,40.345784419693786,0.9978832718777206,40.2603833631972,0.78125
relevant_high,12,101424,24.608215583355165,0.9992914056668398,24.590778341243617,0.68325
random,4,101440,0.4752786267822078,0.11809404562340656,0.056127575835048064,0.54875
irrelevant_high,4,101441,22.263685909539003,6.144025532537684e-05,0.001367886546766071,0.49825
relevant_mid,4,101442,7.00955952319096,0.997033052073258,6.988762525096254,0.73525
mixed_budget_limited,4,101443,21.535586532258442,0.000511869694218376,0.011023414093080506,0.50475
relevant_high,4,101444,24.696760210750547,0.9995864149930194,24.686546001006384,0.736
random,12,101520,0.9387920404434218,0.5837767869345771,0.5480450009698163,0.53025
irrelevant_high,12,101521,41.999693583911196,0.28139198874117666,11.818377304096808,0.59025
relevant_mid,12,101522,7.0001800695192635,0.9982415834647069,6.987870837134992,0.6765
mixed_budget_limited,12,101523,39.94696589527012,0.9989608762777717,39.9054560553773,0.72625
relevant_high,12,101524,24.485175748792926,0.9992551373176315,24.466937655106417,0.72775
random,4,101540,0.4695872002171373,0.04882916713618742,0.022929551884416904,0.55475
irrelevant_high,4,101541,22.097020430745225,4.648149428120064e-05,0.0010271025287832579,0.49475
relevant_mid,4,101542,6.809988226757564,0.9962125790403884,6.784195934612835,0.84275
mixed_budget_limited,4,101543,21.246274524173632,0.0006940505600448096,0.01474598873236848,0.5175
relevant_high,4,101544,24.9775163872956,0.9992934217838556,24.959867818322948,0.837
random,12,101620,0.8870577140586025,0.33651915101253804,0.29851190883412365,0.612
irrelevant_high,12,101621,41.811879497667924,0.26092904742047585,10.909933888186215,0.57375
relevant_mid,12,101622,7.03508872207978,0.9971725869913753,7.015197620710143,0.75
mixed_budget_limited,12,101623,39.952498737514674,0.9977168151113213,39.86127979613222,0.704
relevant_high,12,101624,24.56321912055992,0.9992460183176681,24.544698903283916,0.7825
random,4,101640,0.48204180647491257,0.13874954036620743,0.06688307908569043,0.57025
irrelevant_high,4,101641,22.50712171753151,8.506801637245886e-05,0.0019146361987638948,0.513
relevant_mid,4,101642,6.874134000801869,0.9956380246679571,6.844149197861214,0.748
mixed_budget_limited,4,101643,21.25930000028948,0.00012945814582076277,0.0027521895594848174,0.51175
relevant_high,4,101644,24.720633738463107,0.9990749974893256,24.697767090189565,0.75225
random,12,101720,0.9781625235238987,0.3397344563059852,0.33231551310828217,0.505
irrelevant_high,12,101721,42.526530028746166,0.09547883179990652,4.060383407648329,0.50025
relevant_mid,12,101722,7.220371980709931,0.9971134022736853,7.199529671367268,0.6555
mixed_budget_limited,12,101723,40.13600723135629,0.9982914273277746,40.06743194622855,0.623
relevant_high,12,101724,24.523539174511253,0.9995806211747778,24.513254521461956,0.6365
random,4,101740,0.453694751018465,0.07373437740181972,0.033452899996820135,0.49925
irrelevant_high,4,101741,21.94184397561237,0.0001710397683751281,0.0037529279113119396,0.50825
relevant_mid,4,101742,6.989573901879946,0.9969718159809051,6.968408185889991,0.861
mixed_budget_limited,4,101743,21.150992522486217,0.0006155001856005366,0.01301843982322583,0.512
relevant_high,4,101744,24.804369240291123,0.9991550480729259,24.783410740701683,0.861
random,12,101820,0.9902566456412285,0.364547579106014,0.3609956628621518,0.628
irrelevant_high,12,101821,41.60392645509757,0.1728797598116507,7.192476812778849,0.561
relevant_mid,12,101822,7.117842621234219,0.9984729677640134,7.106973446100915,0.6435
mixed_budget_limited,12,101823,40.018912490875806,0.9976493418005259,39.924841706095094,0.7765
relevant_high,12,101824,24.452662855602316,0.9997393643582196,24.446289620125707,0.71175
random,4,101840,0.506400972095675,0.06703187982012235,0.03394500910231042,0.4515
irrelevant_high,4,101841,21.651524566038404,0.00011091737292079977,0.002401530224595139,0.48725
relevant_mid,4,101842,7.159872623380652,0.9948589953355244,7.123063684826801,0.85875
mixed_budget_limited,4,101843,21.101869515954977,0.00028060185665436925,0.005921223765055203,0.507
relevant_high,4,101844,24.48922867982037,0.9995258440440038,24.477616966184083,0.8615
random,12,101920,0.9393898320502401,0.17557891600581302,0.1649370484182639,0.5635
irrelevant_high,12,101921,41.94596881085012,0.05403437954072415,2.266524398928853,0.51075
relevant_mid,12,101922,7.136962896076471,0.9983359622535808,7.1250867204226065,0.76625
mixed_budget_limited,12,101923,40.08940934318177,0.9968805833386948,39.964353771734764,0.7815
relevant_high,12,101924,24.401537255052695,0.9992086620532619,24.382227392664028,0.7355
random,4,101940,0.46575411258408694,0.11476778883140618,0.05345356964040947,0.51625
irrelevant_high,4,101941,22.104211268717314,0.00023482395844793698,0.005190598388489695,0.49825
relevant_mid,4,101942,7.0775841601491924,0.9953190036922337,7.044454014827629,0.82875
mixed_budget_limited,4,101943,20.993958466176416,0.00023435782984538466,0.004920098545997245,0.499
relevant_high,4,101944,24.66408457914403,0.9991148645751349,24.642253524161163,0.838
random,12,102020,0.9830391737079245,0.4226765325527638,0.4155075893063995,0.448
irrelevant_high,12,102021,41.85990004599758,0.12887751964548622,5.394800090536142,0.5605
relevant_mid,12,102022,6.881421511910517,0.9971406981875384,6.861745450909199,0.76525
mixed_budget_limited,12,102023,40.14303833700517,0.9989035535216165,40.09902364398895,0.76675
relevant_high,12,102024,24.921209934252023,0.9994202769081063,24.906762533375208,0.77775
random,4,102040,0.4714583392618512,0.14794591481150532,0.06975033529760762,0.59275
irrelevant_high,4,102041,22.06382061609434,2.8088767478534114e-05,0.0006197455269735612,0.49875
relevant_mid,4,102042,7.045133976108232,0.9968638111474225,7.023039105467447,0.80625
mixed_budget_limited,4,102043,20.730513460371867,0.00017244720402153022,0.003574919084171826,0.492
relevant_high,4,102044,24.55895704304099,0.9994237790669103,24.54480565789794,0.8035
random,12,102120,0.9673355969308357,0.4649156755069042,0.4497294824889739,0.60625
irrelevant_high,12,102121,42.45671555058276,0.11216791707205347,4.7622813490295295,0.511
relevant_mid,12,102122,6.933240208221392,0.9983183755392393,6.921581101894917,0.7535
mixed_budget_limited,12,102123,39.98900254055924,0.997375837031982,39.884064880964324,0.7345
relevant_high,12,102124,24.664648065054177,0.9993440135460894,24.648468390033027,0.71875
random,4,102140,0.47485936428841,0.08133651740115512,0.03862340694654572,0.507
irrelevant_high,4,102141,21.861839968248916,6.065368390694624e-05,0.0013260011310584133,0.49025
relevant_mid,4,102142,6.946305841376048,0.9969105618205266,6.9248456589034015,0.81725
mixed_budget_limited,4,102143,20.983367289564278,0.00038994828540925915,0.008182428096678324,0.49575
relevant_high,4,102144,24.63687766265665,0.9990237111146975,24.612824952826042,0.8225
random,12,102220,0.9403360872882256,0.34849247848863696,0.327700053671381,0.64525
irrelevant_high,12,102221,42.18789186591546,0.08045311861247707,3.3941474682988533,0.49475
relevant_mid,12,102222,7.032611831581463,0.9980185429301834,7.0186770131485,0.685
mixed_budget_limited,12,102223,39.929010245481486,0.9979143558464102,39.84573253870437,0.78175
relevant_high,12,102224,24.443975837613728,0.9996639042997723,24.435760322438234,0.71
random,4,102240,0.4488289423439138,0.027928042524700464,0.012534913788097157,0.52825
irrelevant_high,4,102241,21.815634163163722,8.559266193302451e-05,0.0018672581997822126,0.50725
relevant_mid,4,102242,6.9140656684042305,0.9955057174789409,6.882991903921266,0.853
mixed_budget_limited,4,102243,21.292797037124725,0.001349566953253484,0.028736055223637223,0.51325
relevant_high,4,102244,24.337797809371587,0.9992362329968231,24.319209402474797,0.8545
random,12,102320,0.9382634744769205,0.3227260934502914,0.30280210574503374,0.5325
irrelevant_high,12,102321,41.87518417318849,0.196845645185896,8.242947645849508,0.57375
relevant_mid,12,102322,7.063440431449655,0.9971158151263063,7.043068163401031,0.78
mixed_budget_limited,12,102323,40.4728859031328,0.9967951859378091,40.343177829252994,0.74175
relevant_high,12,102324,24.753303693797747,0.9995709374753822,24.742682978822256,0.6085
random,4,102340,0.5168833438907763,0.11401277658845924,0.05893130520931482,0.5805
irrelevant_high,4,102341,22.06717794206004,7.501342398561372e-05,0.0016553345751337326,0.48775
relevant_mid,4,102342,6.849707397218603,0.9961985991955802,6.823668914008776,0.77375
mixed_budget_limited,4,102343,20.801201868685364,7.898537085321586e-05,0.0016429906437907202,0.5015
relevant_high,4,102344,24.735963114043116,0.9993826131150009,24.720691454828685,0.786
random,12,102420,0.9603116738151658,0.2898367334571471,0.27833359863935303,0.59925
irrelevant_high,12,102421,42.68036568729252,0.16028565501609712,6.841050370514238,0.53525
relevant_mid,12,102422,6.893744020649717,0.9981418409633762,6.880934347901576,0.6885
mixed_budget_limited,12,102423,40.199916265367136,0.9973399675188233,40.092983182360676,0.67775
relevant_high,12,102424,24.2875184419373,0.9995707531982938,24.27709310232472,0.71175
random,4,102440,0.4557160690973563,0.17972283765560929,0.08190258510343659,0.6045
irrelevant_high,4,102441,22.000469172420903,0.0002787111144324044,0.006131775281081189,0.50275
relevant_mid,4,102442,7.332602827870331,0.9971344099068186,7.311590593849552,0.83975
mixed_budget_limited,4,102443,20.862011079442837,0.0004274382079198162,0.008917220629400396,0.51425
relevant_high,4,102444,24.450931665534313,0.9992539643773501,24.432690399504846,0.8435
random,12,102520,0.9320613996088485,0.28632349521079353,0.26687107768706964,0.617
irrelevant_high,12,102521,42.11976234624392,0.14147724292254493,5.958987849299412,0.5705
relevant_mid,12,102522,7.0982858547938275,0.9976979261882789,7.081945076819396,0.77925
mixed_budget_limited,12,102523,40.76619862691474,0.9974896912172172,40.66386288046093,0.543
relevant_high,12,102524,24.291710402982737,0.9995184113096538,24.280011789983494,0.70525
random,4,102540,0.47340648829873877,0.2670042225795222,0.12640153137230642,0.59175
irrelevant_high,4,102541,21.87911422663587,3.962779551438701e-05,0.0008670210646090419,0.509
relevant_mid,4,102542,6.738142547008765,0.9971861205182359,6.719182225950536,0.81475
mixed_budget_limited,4,102543,20.8005069491843,0.002226597197479235,0.046314350479201113,0.5005
relevant_high,4,102544,24.201659678336267,0.9995197536464768,24.190036919526538,0.8235
random,12,102620,0.9859807923403716,0.12380626344636919,0.12207059772955188,0.5505
irrelevant_high,12,102621,42.60575692224715,0.059841717260209634,2.5496016593983337,0.5005
relevant_mid,12,102622,7.0886735025441805,0.9983931186150266,7.077282845048788,0.7385
mixed_budget_limited,12,102623,40.447401382939326,0.9961188572280828,40.290419243419095,0.66225
relevant_high,12,102624,24.52498746090133,0.9995792763519927,24.514669218709447,0.66825
random,4,102640,0.4820575800055982,0.07310670370646734,0.03524164067092594,0.5405
irrelevant_high,4,102641,22.217768795399596,0.00017970935125181145,0.003992740816484002,0.50825
relevant_mid,4,102642,7.324596375560585,0.9964276602268024,7.298430428605551,0.8205
mixed_budget_limited,4,102643,20.752086686239906,0.0006357929063299135,0.013194029506654773,0.5015
relevant_high,4,102644,24.49342109179541,0.9996105213166574,24.48388142639802,0.82275
random,12,102720,0.9507064883099716,0.3443595541922275,0.32738486248208,0.6215
irrelevant_high,12,102721,41.98053485724342,0.09012341254231056,3.783429061686197,0.5265
relevant_mid,12,102722,7.3458572454472,0.9975059649045372,7.327536419670795,0.774
mixed_budget_limited,12,102723,40.40621599810557,0.9982556871827084,40.33573491764182,0.74075
relevant_high,12,102724,24.4798382166668,0.9992720460511451,24.462018021769648,0.6815
random,4,102740,0.4768730845752036,0.21458604808221737,0.10233031065576996,0.58025
irrelevant_high,4,102741,21.912537099954097,0.00012530969311811202,0.0027458532994344923,0.51375
relevant_mid,4,102742,7.148077856775048,0.9982262894626327,7.135399235758564,0.815
mixed_budget_limited,4,102743,21.02663594104594,0.00029448451990473295,0.006192018790310516,0.49175
relevant_high,4,102744,24.378261987781663,0.9990912093309933,24.356107250760566,0.815
random,12,102820,0.9338290426790556,0.42807993328191235,0.3997534742867622,0.5835
irrelevant_high,12,102821,42.25580912878218,0.20258975247106076,8.560593911864371,0.53525
relevant_mid,12,102822,7.013795068604098,0.9984872727113738,7.0031851094069895,0.78775
mixed_budget_limited,12,102823,40.10774980777867,0.996857878862931,39.98172639934737,0.7825
relevant_high,12,102824,24.422253485921104,0.9993162985887303,24.405555956746394,0.781
random,4,102840,0.4471227086428744,0.14512532295386993,0.06488882749180623,0.57425
irrelevant_high,4,102841,22.35398344071547,0.000190926595852235,0.004267969962073036,0.497
relevant_mid,4,102842,7.163926110404418,0.9964886732104843,7.138771224734844,0.75775
mixed_budget_limited,4,102843,20.995516527817397,0.0008682771835246619,0.01822992795741878,0.49575
relevant_high,4,102844,24.40855797697761,0.9991175319009783,24.387018203219807,0.759
random,12,102920,0.9305908756729862,0.33029472782292374,0.3073692599949052,0.57525
irrelevant_high,12,102921,41.86113212222038,0.17984734075042078,7.528613292983354,0.51875
relevant_mid,12,102922,7.0906314478610515,0.998102728289513,7.077178593405535,0.707
mixed_budget_limited,12,102923,40.34698681416507,0.9987201509225211,40.29534876031191,0.73875
relevant_high,12,102924,23.981747482414068,0.9995636062189421,23.97128199695384,0.7105
random,4,102940,0.45900818246726405,0.03305690613235352,0.015173390401802545,0.5365
irrelevant_high,4,102941,21.93745208605314,7.412754016602194e-05,0.001626169360649086,0.50175
relevant_mid,4,102942,7.1695492490073445,0.9965948428991617,7.145135807472277,0.858
mixed_budget_limited,4,102943,21.318660518815232,0.0007843974973759755,0.016722303958366685,0.49925
relevant_high,4,102944,24.774530361459462,0.9996459896978577,24.76575992248077,0.8575
random,12,103020,1.0052083521797246,0.41549000182027845,0.4176540200769129,0.58475
irrelevant_high,12,103021,42.30772848388325,0.09460620675078106,4.002573708102168,0.55775
relevant_mid,12,103022,7.188859032356847,0.9974590214058195,7.1705922954390475,0.6265
mixed_budget_limited,12,103023,40.19777119555665,0.9978023172190844,40.10942924596899,0.69875
relevant_high,12,103024,24.208186104696974,0.9995950211239556,24.19838230069722,0.64525
random,4,103040,0.492770337944499,0.17961146072732773,0.0885072002013104,0.59275
irrelevant_high,4,103041,22.0952708659933,0.00017902788251241005,0.003955669556676925,0.5115
relevant_mid,4,103042,7.113920370447807,0.995751930623345,7.083699943174145,0.81625
mixed_budget_limited,4,103043,20.852969160937548,0.0010738802484987688,0.022393591704484777,0.5115
relevant_high,4,103044,24.577603102994704,0.9993493969343765,24.561612839070218,0.81225
random,12,103120,0.9548733151145679,0.30870409109427865,0.2947732988526234,0.551
irrelevant_high,12,103121,42.24917089612047,0.19297881172103598,8.153194795732304,0.4585
relevant_mid,12,103122,7.111182606176008,0.9969820007880906,7.089721062674825,0.72625
mixed_budget_limited,12,103123,40.13348079253704,0.9978345353292785,40.046573157767725,0.74375
relevant_high,12,103124,24.753720261258298,0.9992355295548195,24.7347967737103,0.79525
random,4,103140,0.4534324188976935,0.1086595720594719,0.04926977259531457,0.44075
irrelevant_high,4,103141,22.044979926076515,0.00011338381452176768,0.0024995439150743513,0.50325
relevant_mid,4,103142,7.180034588037579,0.9971512923577017,7.15958076863467,0.8335
mixed_budget_limited,4,103143,20.9206220925092,0.0006200491355659968,0.012971813643963223,0.5105
relevant_high,4,103144,24.563196793489976,0.9994596191633509,24.549923312655935,0.82825
random,12,103220,0.9325108953720023,0.5472509880174722,0.5103175088293859,0.66175
irrelevant_high,12,103221,42.57632247341741,0.2756901052290784,11.737870822963622,0.58825
relevant_mid,12,103222,6.944991249876347,0.998200539049576,6.932494009321158,0.73775
mixed_budget_limited,12,103223,39.791701109023926,0.9988838120522862,39.747286091827,0.72175
relevant_high,12,103224,24.506622285393263,0.999729510391544,24.49999349872671,0.75525
random,4,103240,0.47216440120606484,0.14241582083995247,0.06724368076916637,0.5355
irrelevant_high,4,103241,21.812098732951917,7.972229707382182e-05,0.0017389106149919252,0.501
relevant_mid,4,103242,7.090962387155408,0.9971240820827907,7.070569361375931,0.83025
mixed_budget_limited,4,103243,21.01195445317598,0.00022618325631904666,0.004752552279846837,0.49625
relevant_high,4,103244,24.314855008113078,0.9993500311266322,24.299051109197354,0.832
random,12,103320,0.9549286970860911,0.4017393413054359,0.38363242576102435,0.58625
irrelevant_high,12,103321,41.78383204768433,0.19681987485858263,8.223888594737264,0.5425
relevant_mid,12,103322,6.961107261976405,0.9964974948131686,6.936725947685243,0.6645
mixed_budget_limited,12,103323,39.47434536749739,0.9987059881893704,39.423265098374976,0.6925
relevant_high,12,103324,24.489462595638447,0.9996500634442483,24.48089283744552,0.684
random,4,103340,0.4806278044786041,0.04191720142076547,0.020146572488749934,0.502
irrelevant_high,4,103341,21.92896528066001,0.00013959471766011747,0.0030611677169322528,0.5
relevant_mid,4,103342,6.987008268487699,0.9954415738308025,6.955158507152225,0.8015
mixed_budget_limited,4,103343,20.979515169493702,0.00028170664948105466,0.005910068926135032,0.4945
relevant_high,4,103344,24.399284297512892,0.9994239938507337,24.38523015971983,0.80475
random,12,103420,0.9415127587789329,0.2641113068938629,0.24866416517835027,0.5815
irrelevant_high,12,103421,41.21632454149116,0.24506894722189054,10.10084126373901,0.562
relevant_mid,12,103422,7.119879258098894,0.9969435986172348,7.09811804928932,0.6575
mixed_budget_limited,12,103423,40.6941208930856,0.9968076370781211,40.56421049040806,0.6385
relevant_high,12,103424,24.593997054304396,0.9992893174005002,24.57651852854575,0.6725
random,4,103440,0.48239099868085766,0.03439659909467732,0.016592609788506477,0.46125
irrelevant_high,4,103441,21.863577779122352,7.468926115262256e-05,0.001632974470475545,0.489
relevant_mid,4,103442,6.939300672346172,0.9974414280934389,6.921545972594727,0.78775
mixed_budget_limited,4,103443,21.193810636750108,0.0005244293715882762,0.011114656793791783,0.5035
relevant_high,4,103444,24.117805328507316,0.9991823317401999,24.098084964594157,0.78925
random,12,103520,0.9923817548509504,0.4471238925067674,0.4437175930816535,0.553
irrelevant_high,12,103521,41.96770761048901,0.05151167479928152,2.161826906502842,0.49075
relevant_mid,12,103522,6.972919483369201,0.9981284819180836,6.9598695384723275,0.5965
mixed_budget_limited,12,103523,40.22780565791645,0.9982813532833883,40.15866827180598,0.745
relevant_high,12,103524,24.178782802886488,0.999681276763286,24.171076462971747,0.50375
random,4,103540,0.44384726616382464,0.040645079311518145,0.018040207335429156,0.47825
irrelevant_high,4,103541,22.319460181839695,5.9420338171817985e-05,0.0013262298718173407,0.49525
relevant_mid,4,103542,7.068105895828916,0.9970961219293492,7.04758097811698,0.8225
mixed_budget_limited,4,103543,21.505380233617696,0.00020963544707510768,0.004508289999794629,0.50725
relevant_high,4,103544,24.27988407864181,0.9989077754127338,24.253364992275145,0.8275
random,12,103620,0.9394313183634988,0.3313891710028238,0.3113173658065697,0.45425
irrelevant_high,12,103621,42.27850741335514,0.21002369507662305,8.879488349277247,0.4785
relevant_mid,12,103622,6.991752344355042,0.9980013023953418,6.977777945692017,0.656
mixed_budget_limited,12,103623,40.47045598352743,0.998023871034344,40.39048114320507,0.6865
relevant_high,12,103624,24.38167397169935,0.9994968555607651,24.36940646802125,0.68375
random,4,103640,0.45436812250580605,0.04524328615936468,0.02055710698822345,0.47175
irrelevant_high,4,103641,21.903686346777828,2.5999705822027394e-05,0.0005694894014341814,0.50075
relevant_mid,4,103642,6.981221377654442,0.9973958080587086,6.963040937202383,0.86125
mixed_budget_limited,4,103643,21.01602733862113,0.00017917996330060182,0.0037656510072585784,0.495
relevant_high,4,103644,24.433920012254905,0.9991978416210247,24.41432013858586,0.86025
random,12,103720,0.9620065399401307,0.5691389554723979,0.5475153972991417,0.6635
irrelevant_high,12,103721,42.17337589176753,0.26962337866979946,11.370928097849827,0.53975
relevant_mid,12,103722,6.895363595385327,0.9982922507012845,6.88358804304092,0.83975
mixed_budget_limited,12,103723,40.45507836526998,0.9969242141318949,40.330647206941,0.813
relevant_high,12,103724,24.549858009980987,0.9997104380169141,24.54274930441114,0.83875
random,4,103740,0.48454474138363723,0.1050942376159433,0.050922860186527766,0.51625
irrelevant_high,4,103741,21.641398333556957,5.9253050744100826e-05,0.0012823188736315494,0.505
relevant_mid,4,103742,6.950154094081142,0.9968494292832658,6.92825714211554,0.763
mixed_budget_limited,4,103743,20.99195149868722,0.0005308642031420466,0.011143875604747083,0.5005
relevant_high,4,103744,24.287419921941655,0.9993591643088138,24.271855676408848,0.7555
random,12,103820,0.8465058541290795,0.3575520736509764,0.3026699235015433,0.5585
irrelevant_high,12,103821,42.433674008432334,0.02271267733408645,0.9637823458533343,0.495
relevant_mid,12,103822,7.202507401363339,0.9978563340865046,7.187067631755339,0.67725
mixed_budget_limited,12,103823,40.227036278188216,0.9980684051958431,40.149333943926635,0.7575
relevant_high,12,103824,24.489054938292462,0.9995078315786867,24.477002198784028,0.75575
random,4,103840,0.531975608421196,0.2414615419826433,0.12845165070653683,0.64175
irrelevant_high,4,103841,22.05162095989045,4.8836154787733654e-05,0.0010769163745176418,0.49625
relevant_mid,4,103842,6.948958659573749,0.9976531028169756,6.9326501680706425,0.781
mixed_budget_limited,4,103843,21.06254394410067,0.0005272116838086181,0.011104419258062328,0.49725
relevant_high,4,103844,24.190985614847015,0.9991120115910017,24.169504300018787,0.787
random,12,103920,0.9182333457605778,0.36694509035604667,0.33694121802805027,0.589
irrelevant_high,12,103921,41.64136598879295,0.05122660603920831,2.1331458504423844,0.52125
relevant_mid,12,103922,6.9637121423174175,0.9982589150748803,6.951587728083555,0.723
mixed_budget_limited,12,103923,40.70360264208622,0.9980135481837337,40.622746896689264,0.7265
relevant_high,12,103924,24.559360319766363,0.9991540921744858,24.53858536468225,0.74225
random,4,103940,0.5128254093440392,0.09911193952067254,0.05082712095557055,0.492
irrelevant_high,4,103941,21.772841710338092,0.0002608821179518545,0.00568014505922348,0.50475
relevant_mid,4,103942,6.968125074866719,0.9978023540352616,6.952811602914146,0.83125
mixed_budget_limited,4,103943,21.437195196705808,0.0008773616507863187,0.01880817296601035,0.5135
relevant_high,4,103944,24.770450068834073,0.9995446478269138,24.759170790566905,0.828
random,12,104020,0.9573442790772679,0.2918755046323752,0.27942534456259505,0.58725
irrelevant_high,12,104021,42.291776424518595,0.18832030602589156,7.964400278643928,0.543
relevant_mid,12,104022,7.217318408978677,0.9987314105547171,7.208162595021801,0.765
mixed_budget_limited,12,104023,40.461790956796484,0.9960064152977073,40.30020336740406,0.732
relevant_high,12,104024,24.35632212942389,0.99944858527859,24.342891694842322,0.7785
random,4,104040,0.4689944809605697,0.06564865481471516,0.030788856790586943,0.51675
irrelevant_high,4,104041,22.290438262836076,0.00014795702372205432,0.0032980269028294244,0.512
relevant_mid,4,104042,7.090699367742095,0.9966931776042253,7.06725168427114,0.77025
mixed_budget_limited,4,104043,21.015259747785464,0.0009148646565509812,0.01922611839148741,0.4945
relevant_high,4,104044,24.8300521387098,0.9996256196768267,24.8207562557657,0.773
random,12,104120,0.970393640739406,0.3333161663921076,0.32344788822253895,0.60125
irrelevant_high,12,104121,42.20128307832769,0.04464165853926882,1.883935269101728,0.5225
relevant_mid,12,104122,6.95406794658526,0.9972958590142551,6.935263166433244,0.745
mixed_budget_limited,12,104123,40.519407913076236,0.9978637550982243,40.43284853449896,0.722
relevant_high,12,104124,24.099517643160116,0.9994319530222094,24.08582798499671,0.7545
random,4,104140,0.4502678909156135,0.058432450076899754,0.02631025605715753,0.522
irrelevant_high,4,104141,21.855539609165128,8.718136944602983e-05,0.0019053958731089634,0.49875
relevant_mid,4,104142,7.132661343775801,0.9965851999163338,7.108304731222312,0.823
mixed_budget_limited,4,104143,21.18481164801765,0.0008323856655784663,0.01763393354378962,0.507
relevant_high,4,104144,24.53231701555375,0.9989740069645284,24.507147029151813,0.819
random,12,104220,0.9603951382515905,0.27034984434841686,0.25964267613929376,0.61175
irrelevant_high,12,104221,42.15479856773206,0.2168982917649328,9.14330379903592,0.549
relevant_mid,12,104222,7.1280012077842,0.9983990055875452,7.116589317678566,0.77875
mixed_budget_limited,12,104223,40.263595170929094,0.9979285313848962,40.18019039720127,0.7505
relevant_high,12,104224,24.69777714045258,0.9995249411398852,24.686044242596868,0.7595
random,4,104240,0.44492842585929027,0.003104366933699253,0.0013812210931004403,0.504
irrelevant_high,4,104241,21.99551433379444,0.00016771548427625257,0.0036889883383975893,0.505
relevant_mid,4,104242,6.983548500297081,0.9963799733809934,6.958267868830882,0.81375
mixed_budget_limited,4,104243,20.87583663435916,0.0012577411113437126,0.026256397968728678,0.49275
relevant_high,4,104244,24.623589077464413,0.9994024602094649,24.608875503204843,0.81675
random,12,104320,0.9689487535973127,0.33958309703011835,0.32903861861004846,0.584
irrelevant_high,12,104321,42.10179302635823,0.1905013278613858,8.020447476866476,0.44775
relevant_mid,12,104322,6.968593275108287,0.9977368141955957,6.952822053731394,0.70525
mixed_budget_limited,12,104323,40.16642980023154,0.9979752183998148,40.0851015522269,0.7095
relevant_high,12,104324,24.58804211388362,0.9996380738929201,24.57914305952063,0.65025
random,4,104340,0.4413595245628654,0.04223343385610035,0.018640128287385677,0.53
irrelevant_high,4,104341,22.187866122982662,0.000136406097762374,0.003026560235510039,0.485
relevant_mid,4,104342,7.1328008164140115,0.9966058734296286,7.108591187641854,0.79725
mixed_budget_limited,4,104343,20.85543438818226,0.000455500661346799,0.009499664156491795,0.4955
relevant_high,4,104344,24.597640247455566,0.9992944248873635,24.580284764667375,0.7995
random,12,104420,0.9659928275118232,0.3621482884951569,0.34983264918200413,0.58875
irrelevant_high,12,104421,42.51592067530029,0.2739848956072171,11.648720087866876,0.5715
relevant_mid,12,104422,7.050290681266301,0.9976674442277935,7.033845485041979,0.7125
mixed_budget_limited,12,104423,40.488414258785184,0.9963574109990655,40.34093160634085,0.68875
relevant_high,12,104424,24.350144514180837,0.999470288332431,24.337245958524683,0.7035
random,4,104440,0.41106467632081256,0.10310100083922012,0.04238117953832585,0.495
irrelevant_high,4,104441,21.949555965890337,4.2878498242265125e-05,0.0009411639969019288,0.514
relevant_mid,4,104442,7.15987957395139,0.9967460979965459,7.136582027461219,0.74375
mixed_budget_limited,4,104443,21.301651277038523,0.00022892779517980327,0.00487654006054147,0.513
relevant_high,4,104444,24.295400045389748,0.9989050084632256,24.2687967879575,0.7545
random,12,104520,0.9663573095290492,0.49742388086237715,0.4806892032056651,0.62525
irrelevant_high,12,104521,41.44161466613512,0.0416357983329238,1.7254547108299394,0.513
relevant_mid,12,104522,6.843053739590925,0.9963069146787421,6.8177817582726625,0.651
mixed_budget_limited,12,104523,40.39726770527315,0.9945669444036129,40.17778710388827,0.70025
relevant_high,12,104524,24.367764966803804,0.9990415638003132,24.34441001875416,0.684
random,4,104540,0.46907191413896543,0.13430706776188883,0.06299967335746093,0.523
irrelevant_high,4,104541,22.246119826816184,0.00016082305033157486,0.0035776888485903047,0.50375
relevant_mid,4,104542,7.028675313397785,0.9974616997861416,7.010834425346646,0.83025
mixed_budget_limited,4,104543,20.76265901215696,0.0002751679053435606,0.005713217389737831,0.497
relevant_high,4,104544,24.417567603469692,0.9993757332434593,24.40232452773926,0.83725
random,12,104620,0.9328150821905536,0.4666648695654832,0.4353120286591702,0.65875
irrelevant_high,12,104621,41.66095758775942,0.22095801234837356,9.205322381121213,0.518
relevant_mid,12,104622,7.052504971457281,0.9984029370534631,7.041241677087099,0.79825
mixed_budget_limited,12,104623,40.33235160507787,0.9983822944544509,40.267105736221296,0.64325
relevant_high,12,104624,24.954417325114164,0.9995035833099541,24.942029535863607,0.70875
random,4,104640,0.4665870414883033,0.34962962722436236,0.1631326533832736,0.6355
irrelevant_high,4,104641,21.96449899112597,1.7369568672396288e-05,0.00038151387358114155,0.497
relevant_mid,4,104642,6.907440834630182,0.9965239417981532,6.883430168263194,0.85075
mixed_budget_limited,4,104643,20.73316640027129,0.0013328366877786125,0.027633924832100407,0.49875
relevant_high,4,104644,24.34094391043578,0.9991056595954144,24.319174820810925,0.85975
random,12,104720,0.9997931430152427,0.4054491039053736,0.40536523392626717,0.56125
irrelevant_high,12,104721,42.32689963072568,0.04223549145647079,1.787697407732411,0.52675
relevant_mid,12,104722,7.090407694312537,0.9975071963505853,7.072732700136316,0.72
mixed_budget_limited,12,104723,40.303010789470214,0.9976023897299215,40.206379876886295,0.72625
relevant_high,12,104724,24.62290393345534,0.9996535757062202,24.614373961349383,0.67175
random,4,104740,0.4758878277615253,0.08714858103904084,0.0414729489231684,0.54775
irrelevant_high,4,104741,22.234610398605465,3.95883328988321e-05,0.000880231158335827,0.51175
relevant_mid,4,104742,7.1881368281771225,0.996400747728027,7.162264910367053,0.79425
mixed_budget_limited,4,104743,21.09682033692364,0.0004995756749727614,0.010539458259597706,0.516
relevant_high,4,104744,24.30869020581331,0.9994201391353638,24.29459454769239,0.79
random,12,104820,0.9678775808859383,0.3668625180269913,0.3550780064656883,0.5955
irrelevant_high,12,104821,41.714163178616616,0.017268124979249875,0.720325383173175,0.49475
relevant_mid,12,104822,7.078120612529835,0.997388355804781,7.059635079919062,0.76275
mixed_budget_limited,12,104823,40.17987110056224,0.996174604705251,40.026167210710526,0.63075
relevant_high,12,104824,24.26763807647003,0.9993621442401449,24.252158823744875,0.75125
random,4,104840,0.503854717021863,0.12933220204977458,0.06516464006560359,0.567
irrelevant_high,4,104841,22.072263008753723,4.213892225535453e-05,0.0009301013749256109,0.49325
relevant_mid,4,104842,7.099929925876458,0.9959714459856679,7.071327474672091,0.80875
mixed_budget_limited,4,104843,21.005873876931147,0.00048510090514472726,0.01018996843105528,0.50675
relevant_high,4,104844,24.34640916363032,0.9994667093417096,24.33342545106044,0.8025
random,12,104920,0.929843438652163,0.3481114491909558,0.3236891469499061,0.4845
irrelevant_high,12,104921,42.04386032582322,0.1791274432236671,7.5312092034176885,0.52
relevant_mid,12,104922,6.84440704451661,0.9977151677694496,6.828768722702292,0.6645
mixed_budget_limited,12,104923,40.50005883247864,0.9985016311532249,40.439374806031495,0.673
relevant_high,12,104924,24.344446088190203,0.9991381244431699,24.32346420516222,0.64025
random,4,104940,0.4712091630348654,0.04020792452789197,0.01894634246415701,0.52725
irrelevant_high,4,104941,21.739257745013255,5.466355669309131e-05,0.0011883451482102565,0.49725
relevant_mid,4,104942,7.0035269334217745,0.9951892576288256,6.969834769655501,0.716
mixed_budget_limited,4,104943,21.11212825502571,6.991824512091441e-05,0.0014761229583590706,0.49825
relevant_high,4,104944,24.711553094236432,0.9994573173173475,24.698142562310743,0.71975
random,12,105020,0.9129896809842666,0.36582966687169743,0.3339987108517716,0.496
irrelevant_high,12,105021,42.20421887718133,0.26048849179163813,10.993713322561149,0.47875
relevant_mid,12,105022,6.981224585623854,0.9981381927368422,6.968226890984604,0.734
mixed_budget_limited,12,105023,40.13731058335557,0.9962495073405427,39.98677589464234,0.6965
relevant_high,12,105024,24.742647148543313,0.9994364214605195,24.728702723600456,0.71475
random,4,105040,0.4732305781354247,0.144507212784637,0.06838523185081259,0.53375
irrelevant_high,4,105041,22.02015706533476,0.00010333168254282363,0.002275379879418286,0.484
relevant_mid,4,105042,7.074514393626622,0.9981709295877162,7.061574608667963,0.8335
mixed_budget_limited,4,105043,21.215699546716856,0.0006533070939189272,0.01386036701632269,0.4935
relevant_high,4,105044,24.425950424541647,0.9991002947556298,24.40397426884596,0.83475
random,12,105120,0.9547524612932374,0.31664531676622826,0.30231789553953325,0.5715
irrelevant_high,12,105121,42.1458555649391,0.2705053107388208,11.40067775594731,0.5405
relevant_mid,12,105122,7.068262598895301,0.9971551966098493,7.048154781491489,0.713
mixed_budget_limited,12,105123,40.120324727478554,0.9989368410157499,40.0776704437935,0.702
relevant_high,12,105124,24.45403434623565,0.9994854742522841,24.441452115928985,0.73825
random,4,105140,0.4830103350907029,0.05450064106637166,0.0263243729041263,0.52625
irrelevant_high,4,105141,22.220783810388802,0.00019669729915951424,0.004370768160710937,0.49175
relevant_mid,4,105142,7.1692663717731335,0.9975993587681762,7.152055535319127,0.84225
mixed_budget_limited,4,105143,21.027185682826882,0.0007699712434367997,0.016190328306182687,0.5005
relevant_high,4,105144,24.652901697012318,0.9994426792069199,24.639162122286812,0.8405
random,12,105220,0.9262677840907214,0.4009892691093201,0.3714234417420479,0.5705
irrelevant_high,12,105221,41.99622606137746,0.19881183853004888,8.349346914586008,0.5675
relevant_mid,12,105222,7.032167439698636,0.9973058851611906,7.013221973050351,0.763
mixed_budget_limited,12,105223,40.41500825951555,0.9973577983084069,40.30822365632651,0.7285
relevant_high,12,105224,24.53116956595909,0.9995751762190078,24.52074814175192,0.75075
random,4,105240,0.47769910757215084,0.22126605332013188,0.10569859620703895,0.61375
irrelevant_high,4,105241,21.933494804800194,6.650194537898153e-05,0.0014586200734789975,0.50425
relevant_mid,4,105242,6.959910231906936,0.9984125485552775,6.948861712354157,0.839
mixed_budget_limited,4,105243,20.84258517240239,0.00027681457098089165,0.005769531272631261,0.505
relevant_high,4,105244,24.21345538764848,0.9991001303397559,24.19166643377546,0.8395
random,12,105320,0.9523298000911051,0.5335589148841191,0.5081240547484202,0.5825
irrelevant_high,12,105321,41.91517612527504,0.06679224490261902,2.7996087088957804,0.50425
relevant_mid,12,105322,7.207213742341359,0.9980441050288463,7.193117189226684,0.7065
mixed_budget_limited,12,105323,39.90417646264072,0.9989120408298808,39.86076234793214,0.71725
relevant_high,12,105324,24.32924345267171,0.9994816065981565,24.316631333394003,0.802
random,4,105340,0.4807618274671581,0.0971989629036468,0.04672955103346974,0.56225
irrelevant_high,4,105341,21.549649836341707,0.00025240989239581695,0.005439344796358545,0.49475
relevant_mid,4,105342,7.191209539362843,0.9972088675405032,7.171137920994484,0.8535
mixed_budget_limited,4,105343,21.207211621899177,0.00014794755267607542,0.0031375550585436072,0.49075
relevant_high,4,105344,24.493179257129583,0.9993346152246311,24.47688186855151,0.85125
random,12,105420,0.9412251710291943,0.4109758641070523,0.3868208279830312,0.618
irrelevant_high,12,105421,42.31654061368033,0.3043738408740165,12.880047999087193,0.505
relevant_mid,12,105422,6.93459930608719,0.9974492716396725,6.916911026969646,0.723
mixed_budget_limited,12,105423,40.45395756074266,0.9964515608075845,40.3104091522458,0.75025
relevant_high,12,105424,24.658004821717064,0.99967259145575,24.64993158025428,0.83025
random,4,105440,0.4712130242614958,0.12229634135839916,0.057627628867607514,0.5875
irrelevant_high,4,105441,22.124908188750418,9.567107457683883e-05,0.0021167137413316533,0.4885
relevant_mid,4,105442,7.078743494763568,0.9962854336765691,7.052449032565714,0.8175
mixed_budget_limited,4,105443,21.55087755167626,0.0004296714899370356,0.009259797667079352,0.4975
relevant_high,4,105444,25.05061198403135,0.9990988671021621,25.028038053461565,0.8155
random,12,105520,0.9708124392627624,0.46799572896902775,0.4543360752049765,0.574
irrelevant_high,12,105521,42.288567486033,0.04264024257703336,1.8031947758396931,0.52075
relevant_mid,12,105522,7.077046414862604,0.9972294163600487,7.05743886584641,0.746
mixed_budget_limited,12,105523,39.92416645112906,0.9967442348015019,39.79418273941843,0.72375
relevant_high,12,105524,24.805290083322532,0.9991402148027375,24.78396286209509,0.68725
random,4,105540,0.471721178370351,0.01847711548404545,0.008716046689018977,0.4975
irrelevant_high,4,105541,21.97592140113995,3.388966002743009e-05,0.000744756505074158,0.49775
relevant_mid,4,105542,7.039349180354642,0.9972591019851492,7.020055042160367,0.7915
mixed_budget_limited,4,105543,20.96623500542497,0.00017113518347344577,0.0035880604744007835,0.48725
relevant_high,4,105544,24.672876340502285,0.9992898855521318,24.65535577454243,0.8005
random,12,105620,0.9780988183913712,0.4121684202937409,0.40314144486754605,0.629
irrelevant_high,12,105621,41.56329660816689,0.2953666882171851,12.276413270542816,0.42275
relevant_mid,12,105622,7.0700324511163535,0.9976159695100545,7.053177278187988,0.645
mixed_budget_limited,12,105623,40.070633744448145,0.9967949978461501,39.942207276991056,0.721
relevant_high,12,105624,24.517290776596024,0.9996192489841662,24.507955793227342,0.732
random,4,105640,0.4795958795427442,0.0617523572410481,0.029616176084858212,0.48075
irrelevant_high,4,105641,21.90033511246007,0.0001175610406718746,0.0025746261868836015,0.51275
relevant_mid,4,105642,7.125999467279966,0.9983694485373784,7.114380158425952,0.81275
mixed_budget_limited,4,105643,21.336273965985512,0.0008012929541537361,0.01709660599683798,0.50875
relevant_high,4,105644,24.46957302219532,0.9993374351010906,24.453360342019515,0.8115
random,12,105720,0.9777998152750469,0.35835610216114433,0.35040053049585274,0.5865
irrelevant_high,12,105721,42.26742412462549,0.23271895287954003,9.836430683198254,0.50825
relevant_mid,12,105722,7.024815490174664,0.9977867683232033,7.0092679460081575,0.66725
mixed_budget_limited,12,105723,40.33545371748118,0.9981175475508032,40.25952414384124,0.741
relevant_high,12,105724,24.44668984529922,0.9996507073489987,24.438150796194947,0.6545
random,4,105740,0.49266577651936516,0.3155745920433843,0.1554728014388358,0.6395
irrelevant_high,4,105741,21.989677515300073,8.040602974286335e-05,0.001768102664331191,0.51175
relevant_mid,4,105742,7.060701571406115,0.9967151928604768,7.0375085284743175,0.853
mixed_budget_limited,4,105743,21.43524369655416,0.000530738370545524,0.011376506311755368,0.4995
relevant_high,4,105744,24.450747837943897,0.9991922718939538,24.430998281701342,0.85425
random,12,105820,0.9091520975765937,0.34827652570367773,0.316636333880187,0.576
irrelevant_high,12,105821,41.84692757389995,0.027181169440159417,1.1374484289362536,0.49575
relevant_mid,12,105822,7.015270219638101,0.9970927912118449,6.994875364404286,0.7965
mixed_budget_limited,12,105823,40.00120207316866,0.9972989569456047,39.893157104141466,0.83075
relevant_high,12,105824,24.678581445177922,0.9995251000034918,24.66686158693578,0.801
random,4,105840,0.4776778637584136,0.1492921406726971,0.07131355083245453,0.5515
irrelevant_high,4,105841,22.202617917223602,4.742698564371593e-05,0.0010530032412130739,0.505
relevant_mid,4,105842,7.012124508850194,0.9952360038913723,6.978718774976819,0.84475
mixed_budget_limited,4,105843,21.299732938837558,0.00034039304854802116,0.0072502810283096185,0.507
relevant_high,4,105844,24.60920906383699,0.9991165655794659,24.587468441487875,0.84375
random,12,105920,0.9130831370419574,0.3006270588368427,0.27449749796244144,0.59625
irrelevant_high,12,105921,41.842087873614894,0.03519251096169375,1.4725281361523452,0.51925
relevant_mid,12,105922,7.052201271930905,0.9977429802795871,7.036284314587835,0.6855
mixed_budget_limited,12,105923,39.75085998667888,0.997025054044567,39.632603326536525,0.745
relevant_high,12,105924,24.59345915942901,0.9994448000443241,24.57980487199378,0.73925
random,4,105940,0.4550203520719518,0.04409386735622404,0.020063607048643003,0.538
irrelevant_high,4,105941,21.795045813321384,5.953639631199647e-05,0.0012975984851800214,0.5
relevant_mid,4,105942,6.870538248495807,0.9977696063323417,6.8552142434929575,0.8605
mixed_budget_limited,4,105943,21.11327867063327,0.00030300443835617043,0.006397417145452547,0.508
relevant_high,4,105944,24.642077043802093,0.9990218758504195,24.617974033149725,0.8535
random,12,106020,0.9706928322251798,0.41970444348173513,0.4074040949407784,0.59925
irrelevant_high,12,106021,41.850116434683216,0.038564097839132616,1.6139119847662153,0.5315
relevant_mid,12,106022,6.927452620348256,0.9977526264921519,6.911884046852412,0.79025
mixed_budget_limited,12,106023,39.97923365670946,0.9972762329194993,39.87033953617167,0.82125
relevant_high,12,106024,24.387693097391477,0.9995782966614619,24.377408725793064,0.71
random,4,106040,0.4857900129252686,0.12688770779749783,0.06164078121100418,0.53925
irrelevant_high,4,106041,22.1162995503175,3.176616213977508e-05,0.0007025499574472203,0.50525
relevant_mid,4,106042,7.085080151975985,0.9959571907434986,7.056436524354523,0.8135
mixed_budget_limited,4,106043,21.09454508763228,0.0005873786481200594,0.01239048537628109,0.5145
relevant_high,4,106044,24.610632933030253,0.999270419971911,24.592677506763685,0.81275
random,12,106120,0.9707049623595396,0.4540472133668307,0.44074588316070323,0.64875
irrelevant_high,12,106121,42.3957928634167,0.14022603150158125,5.944993785599984,0.5515
relevant_mid,12,106122,6.9583631686751515,0.9965760860430916,6.934538331904687,0.77775
mixed_budget_limited,12,106123,39.99504285930955,0.9968722706273433,39.86994918899782,0.7715
relevant_high,12,106124,24.867578747440596,0.9991906637448447,24.84745251438236,0.72575
random,4,106140,0.48964112642785196,0.260006778006898,0.12731001166217398,0.623
irrelevant_high,4,106141,22.13693244535194,2.8965265428585176e-05,0.000641202124054278,0.50525
relevant_mid,4,106142,7.131986614916167,0.9970017195001805,7.11060291852369,0.8425
mixed_budget_limited,4,106143,20.85659143661945,0.00046974528360032376,0.009797285459330887,0.49075
relevant_high,4,106144,24.93287772366964,0.9994067172495862,24.918085477398012,0.8415
random,12,106220,0.9811636628212042,0.17629232609581766,0.1729716243994426,0.58025
irrelevant_high,12,106221,42.24883841391572,0.016376563433286116,0.6918907822681459,0.5015
relevant_mid,12,106222,6.951385546610586,0.9980361109994639,6.937733796997112,0.796
mixed_budget_limited,12,106223,40.269995005004546,0.9984444860302558,40.20735446521273,0.73175
relevant_high,12,106224,24.661694511930605,0.9994919731683732,24.64916570940516,0.78025
random,4,106240,0.45960265174290926,0.10607993338715736,0.048754618681448696,0.57925
irrelevant_high,4,106241,22.091740711744247,9.157051095244286e-05,0.0020229519848033047,0.49825
relevant_mid,4,106242,6.956646505289202,0.9963738978574104,6.931420994491134,0.84
mixed_budget_limited,4,106243,21.311142279063304,0.0005879970477307314,0.012530888743858794,0.49975
relevant_high,4,106244,24.422937176835134,0.9992007824906648,24.403417937814012,0.83925
random,12,106320,1.0133576624453726,0.4160117314229532,0.42156867570461604,0.6115
irrelevant_high,12,106321,41.64852131361351,0.07578941724957855,3.1565171596654196,0.532
relevant_mid,12,106322,6.817929919071448,0.9986673309644485,6.808843874981741,0.80925
mixed_budget_limited,12,106323,39.97603689553188,0.9974764265665448,39.87515443084749,0.776
relevant_high,12,106324,24.612787306445536,0.9996366645220597,24.603844607606106,0.777
random,4,106340,0.4821193855226438,0.3042942449085197,0.1467061543733724,0.64025
irrelevant_high,4,106341,21.683118537675405,0.00020343557524811094,0.004411117692884974,0.50775
relevant_mid,4,106342,7.014226107645177,0.9966658059214545,6.9908393164914875,0.859
mixed_budget_limited,4,106343,20.941516638134676,0.0010461540163400013,0.021908051739235553,0.50225
relevant_high,4,106344,24.55486399293722,0.9995444340362474,24.543677632657463,0.86225
random,12,106420,0.9136540689863408,0.3109237376977161,0.28407673809196005,0.508
irrelevant_high,12,106421,42.59620609726332,0.18251675946971274,7.774521502576521,0.55175
relevant_mid,12,106422,6.90324884719157,0.9973890889229436,6.8852250783087605,0.78225
mixed_budget_limited,12,106423,40.49529531027029,0.9971819713552872,40.38117840810985,0.77225
relevant_high,12,106424,24.27992279714243,0.9995093727539937,24.26801040548722,0.71475
